{
    "is_perspective": true,
    "focal_length": [
        4.716253280639648,
        5.28533935546875
    ],
    "principal_point": [
        -0.02997063286602497,
        0.009175566025078297
    ]
}