{
    "is_perspective": true,
    "focal_length": [
        4.701850414276123,
        5.445886135101318
    ],
    "principal_point": [
        -0.08363834023475647,
        0.021787069737911224
    ]
}