{
    "is_perspective": true,
    "focal_length": [
        4.514991283416748,
        5.057640075683594
    ],
    "principal_point": [
        -0.07402539998292923,
        -0.01722012273967266
    ]
}